uik;okrug;tik;voters;voted;turnout;leader;leader_pct;triggers
126;Самарский;Алексеевская;306;276;90.2;Фетисов;60.87;дубль голосов лидера(>=3 УИК)
401;Самарский;Большеглушицкая;869;739;85.04;Фетисов;77.67;явка~круглое±0.05
403;Самарский;Большеглушицкая;406;345;84.98;Фетисов;82.9;"явка~круглое±0.05; дубль голосов лидера(>=3 УИК)"
410;Самарский;Большеглушицкая;134;115;85.82;Фетисов;64.35;у оппозиции ровно 1 голос
414;Самарский;Большеглушицкая;436;371;85.09;Фетисов;77.09;дубль голосов лидера(>=3 УИК)
416;Самарский;Большеглушицкая;435;370;85.06;Фетисов;77.3;дубль голосов лидера(>=3 УИК)
419;Самарский;Большеглушицкая;1377;1197;86.93;Фетисов;84.96;лидер~полка±0.05
422;Самарский;Большеглушицкая;686;592;86.3;Фетисов;77.03;дубль голосов лидера(>=3 УИК)
502;Самарский;Большечерниговская;534;506;94.76;Фетисов;90.12;дубль голосов лидера(>=3 УИК)
503;Самарский;Большечерниговская;354;326;92.09;Фетисов;83.44;дубль голосов лидера(>=3 УИК)
505;Самарский;Большечерниговская;521;500;95.97;Фетисов;94.0;"явка>=95 и лидер>=90; у оппозиции ровно 1 голос"
508;Самарский;Большечерниговская;1051;946;90.01;Фетисов;82.77;явка~круглое±0.05
510;Самарский;Большечерниговская;640;608;95.0;Фетисов;94.9;"явка=точное 95%; явка~круглое±0.05; явка>=95 и лидер>=90; у оппозиции ровно 1 голос"
515;Самарский;Большечерниговская;224;219;97.77;Фетисов;80.82;у оппозиции ровно 1 голос
516;Самарский;Большечерниговская;199;195;97.99;Фетисов;86.15;дубль голосов лидера(>=3 УИК)
517;Самарский;Большечерниговская;203;198;97.54;Фетисов;91.92;явка>=95 и лидер>=90
518;Самарский;Большечерниговская;254;245;96.46;Фетисов;90.61;"явка>=95 и лидер>=90; дубль голосов лидера(>=3 УИК); у оппозиции ровно 1 голос"
522;Самарский;Большечерниговская;309;306;99.03;Фетисов;79.74;у оппозиции ровно 1 голос
524;Самарский;Большечерниговская;294;292;99.32;Фетисов;90.07;явка>=95 и лидер>=90
526;Самарский;Большечерниговская;148;146;98.65;Фетисов;90.41;явка>=95 и лидер>=90
527;Самарский;Большечерниговская;693;660;95.24;Фетисов;85.0;лидер~полка±0.05
711;Самарский;Волжская-159;798;601;75.31;Фетисов;85.02;"лидер~полка±0.05; у оппозиции ровно 1 голос"
716;Самарский;Волжская-159;1275;956;74.98;Фетисов;84.31;явка~круглое±0.05
744;Самарский;Волжская-159;373;306;82.04;Фетисов;84.64;у оппозиции ровно 1 голос
746;Самарский;Волжская-159;1217;659;54.15;Фетисов;53.41;дубль голосов лидера(>=3 УИК)
1805;Самарский;Нефтегорская;122;107;87.7;Фетисов;66.36;у оппозиции ровно 1 голос
1808;Самарский;Нефтегорская;839;695;82.84;Фетисов;65.61;дубль голосов лидера(>=3 УИК)
1821;Самарский;Нефтегорская;759;759;100.0;Фетисов;68.91;"явка>=99.5%; явка=точное 100%"
1906;Самарский;Новокуйбышевская городская;1562;878;56.21;Фетисов;25.28;дубль голосов лидера(>=3 УИК)
1927;Самарский;Новокуйбышевская городская;1429;863;60.39;Фетисов;40.79;дубль голосов лидера(>=3 УИК)
1930;Самарский;Новокуйбышевская городская;1756;929;52.9;Фетисов;31.22;дубль голосов лидера(>=3 УИК)
1931;Самарский;Новокуйбышевская городская;1490;782;52.48;Фетисов;28.39;дубль голосов лидера(>=3 УИК)
1944;Самарский;Новокуйбышевская городская;1698;810;47.7;Фетисов;25.8;дубль голосов лидера(>=3 УИК)
1952;Самарский;Новокуйбышевская городская;1873;1025;54.73;Фетисов;26.54;дубль голосов лидера(>=3 УИК)
2502;Самарский;Самара, Железнодорожная;1291;381;29.51;Фетисов;57.22;дубль голосов лидера(>=3 УИК)
2518;Самарский;Самара, Железнодорожная;1262;477;37.8;Фетисов;35.22;дубль голосов лидера(>=3 УИК)
2523;Самарский;Самара, Железнодорожная;1761;729;41.4;Фетисов;40.6;дубль голосов лидера(>=3 УИК)
2525;Самарский;Самара, Железнодорожная;1335;625;46.82;Фетисов;56.32;дубль голосов лидера(>=3 УИК)
2529;Самарский;Самара, Железнодорожная;2028;941;46.4;Фетисов;48.46;дубль голосов лидера(>=3 УИК)
2837;Самарский;Самара, Куйбышевская;357;357;100.0;Фетисов;50.14;"явка>=99.5%; явка=точное 100%"
2904;Самарский;Самара, Ленинская;2419;819;33.86;Фетисов;33.21;дубль голосов лидера(>=3 УИК)
2906;Самарский;Самара, Ленинская;1623;623;38.39;Фетисов;34.99;дубль голосов лидера(>=3 УИК)
2908;Самарский;Самара, Ленинская;1977;789;39.91;Фетисов;37.52;дубль голосов лидера(>=3 УИК)
3003;Самарский;Самара, Октябрьская;1522;620;40.74;Фетисов;33.71;дубль голосов лидера(>=3 УИК)
3020;Самарский;Самара, Октябрьская;2356;964;40.92;Фетисов;30.71;дубль голосов лидера(>=3 УИК)
3038;Самарский;Самара, Октябрьская;2767;1816;65.63;Фетисов;85.02;лидер~полка±0.05
3040;Самарский;Самара, Октябрьская;2740;897;32.74;Фетисов;32.33;дубль голосов лидера(>=3 УИК)
3054;Самарский;Самара, Октябрьская;129;129;100.0;Фетисов;66.67;"явка>=99.5%; явка=точное 100%"
3204;Самарский;Самара, Самарская;1620;623;38.46;Фетисов;34.99;дубль голосов лидера(>=3 УИК)
3205;Самарский;Самара, Самарская;1813;747;41.2;Фетисов;38.82;дубль голосов лидера(>=3 УИК)
3206;Самарский;Самара, Самарская;1684;648;38.48;Фетисов;32.25;дубль голосов лидера(>=3 УИК)
3507;Тольяттинский;Ставропольская-160;1310;1120;85.5;Калашников;99.02;у оппозиции ровно 1 голос
3508;Тольяттинский;Ставропольская-160;373;318;85.25;Калашников;94.34;у оппозиции ровно 1 голос
3514;Тольяттинский;Ставропольская-160;1135;895;78.85;Калашников;96.87;у оппозиции ровно 1 голос
3517;Тольяттинский;Ставропольская-160;595;494;83.03;Калашников;96.96;у оппозиции ровно 1 голос
3518;Тольяттинский;Ставропольская-160;401;333;83.04;Калашников;97.9;"дубль голосов лидера(>=3 УИК); у оппозиции ровно 1 голос"
3519;Тольяттинский;Ставропольская-160;1304;1104;84.66;Калашников;94.93;у оппозиции ровно 1 голос
3523;Тольяттинский;Ставропольская-160;2667;1950;73.12;Калашников;97.95;у оппозиции ровно 1 голос
3525;Тольяттинский;Ставропольская-160;2449;1887;77.05;Калашников;98.3;у оппозиции ровно 1 голос
3527;Тольяттинский;Ставропольская-160;1733;1303;75.19;Калашников;95.86;у оппозиции ровно 1 голос
3528;Тольяттинский;Ставропольская-160;1740;1259;72.36;Калашников;96.35;у оппозиции ровно 1 голос
3529;Тольяттинский;Ставропольская-160;1640;1184;72.2;Калашников;95.78;у оппозиции ровно 1 голос
3536;Тольяттинский;Ставропольская-160;343;282;82.22;Калашников;97.87;у оппозиции ровно 1 голос
3543;Тольяттинский;Ставропольская-160;2673;2170;81.18;Калашников;98.85;у оппозиции ровно 1 голос
3545;Тольяттинский;Ставропольская-160;2633;2109;80.1;Калашников;99.05;у оппозиции ровно 1 голос
6005;Тольяттинский;Тольятти, Автозаводская;2126;897;42.19;Калашников;25.86;дубль голосов лидера(>=3 УИК)
6007;Тольяттинский;Тольятти, Автозаводская;2119;846;39.92;Калашников;26.24;дубль голосов лидера(>=3 УИК)
6013;Тольяттинский;Тольятти, Автозаводская;2407;923;38.35;Калашников;31.96;дубль голосов лидера(>=3 УИК)
6021;Тольяттинский;Тольятти, Автозаводская;2893;1164;40.24;Калашников;29.9;дубль голосов лидера(>=3 УИК)
6024;Тольяттинский;Тольятти, Автозаводская;2656;937;35.28;Калашников;22.63;дубль голосов лидера(>=3 УИК)
6027;Тольяттинский;Тольятти, Автозаводская;3707;1390;37.5;Калашников;19.5;дубль голосов лидера(>=3 УИК)
6029;Тольяттинский;Тольятти, Автозаводская;1894;701;37.01;Калашников;27.96;дубль голосов лидера(>=3 УИК)
6030;Тольяттинский;Тольятти, Автозаводская;2704;836;30.92;Калашников;25.36;дубль голосов лидера(>=3 УИК)
6032;Тольяттинский;Тольятти, Автозаводская;2529;828;32.74;Калашников;25.6;дубль голосов лидера(>=3 УИК)
6036;Тольяттинский;Тольятти, Автозаводская;2226;829;37.24;Калашников;27.99;дубль голосов лидера(>=3 УИК)
6039;Тольяттинский;Тольятти, Автозаводская;2755;1151;41.78;Калашников;30.23;дубль голосов лидера(>=3 УИК)
6044;Тольяттинский;Тольятти, Автозаводская;1685;674;40.0;Калашников;28.19;явка=точное 40%
6061;Тольяттинский;Тольятти, Автозаводская;2151;852;39.61;Калашников;27.23;дубль голосов лидера(>=3 УИК)
6063;Тольяттинский;Тольятти, Автозаводская;2891;1206;41.72;Калашников;24.3;дубль голосов лидера(>=3 УИК)
6065;Тольяттинский;Тольятти, Автозаводская;1837;763;41.54;Калашников;29.1;дубль голосов лидера(>=3 УИК)
6082;Тольяттинский;Тольятти, Автозаводская;2702;1102;40.78;Калашников;31.58;дубль голосов лидера(>=3 УИК)
6086;Тольяттинский;Тольятти, Автозаводская;2426;1008;41.55;Калашников;29.07;дубль голосов лидера(>=3 УИК)
6092;Тольяттинский;Тольятти, Автозаводская;1816;874;48.13;Калашников;30.09;дубль голосов лидера(>=3 УИК)
6095;Тольяттинский;Тольятти, Автозаводская;2159;979;45.35;Калашников;29.93;дубль голосов лидера(>=3 УИК)
6096;Тольяттинский;Тольятти, Автозаводская;2288;976;42.66;Калашников;33.4;дубль голосов лидера(>=3 УИК)
6106;Тольяттинский;Тольятти, Автозаводская;2306;958;41.54;Калашников;27.45;дубль голосов лидера(>=3 УИК)
6110;Тольяттинский;Тольятти, Автозаводская;2942;1242;42.22;Калашников;17.07;дубль голосов лидера(>=3 УИК)
6130;Тольяттинский;Тольятти, Автозаводская;2317;932;40.22;Калашников;31.44;дубль голосов лидера(>=3 УИК)
6136;Тольяттинский;Тольятти, Автозаводская;2841;1163;40.94;Калашников;23.3;дубль голосов лидера(>=3 УИК)
6145;Тольяттинский;Тольятти, Автозаводская;1987;1069;53.8;Калашников;18.33;дубль голосов лидера(>=3 УИК)
4012;Тольяттинский;Тольятти, Центральная;2610;1148;43.98;Калашников;28.4;дубль голосов лидера(>=3 УИК)
4018;Тольяттинский;Тольятти, Центральная;3035;1015;33.44;Калашников;29.06;дубль голосов лидера(>=3 УИК)
4024;Тольяттинский;Тольятти, Центральная;2099;831;39.59;Калашников;25.51;дубль голосов лидера(>=3 УИК)
4025;Тольяттинский;Тольятти, Центральная;1987;798;40.16;Калашников;24.56;дубль голосов лидера(>=3 УИК)
4029;Тольяттинский;Тольятти, Центральная;2900;1081;37.28;Калашников;24.33;дубль голосов лидера(>=3 УИК)
4030;Тольяттинский;Тольятти, Центральная;1902;781;41.06;Калашников;27.14;дубль голосов лидера(>=3 УИК)
4040;Тольяттинский;Тольятти, Центральная;2375;936;39.41;Калашников;28.95;дубль голосов лидера(>=3 УИК)
4042;Тольяттинский;Тольятти, Центральная;2346;845;36.02;Калашников;26.27;дубль голосов лидера(>=3 УИК)
4044;Тольяттинский;Тольятти, Центральная;2116;585;27.65;Калашников;33.5;дубль голосов лидера(>=3 УИК)
4053;Тольяттинский;Тольятти, Центральная;2863;1095;38.25;Калашников;26.94;дубль голосов лидера(>=3 УИК)
4055;Тольяттинский;Тольятти, Центральная;2605;955;36.66;Калашников;24.29;дубль голосов лидера(>=3 УИК)
704;Красноглинский;Волжская-161;1730;1418;81.97;Портнягин;85.05;лидер~полка±0.05
725;Красноглинский;Волжская-161;2190;1835;83.79;Портнягин;85.01;лидер~полка±0.05
801;Красноглинский;Елховская;201;197;98.01;Портнягин;96.95;"явка>=95 и лидер>=90; у оппозиции ровно 1 голос"
802;Красноглинский;Елховская;474;467;98.52;Портнягин;98.5;явка>=95 и лидер>=90
803;Красноглинский;Елховская;476;468;98.32;Портнягин;93.59;"явка>=95 и лидер>=90; у оппозиции ровно 1 голос"
804;Красноглинский;Елховская;510;500;98.04;Портнягин;90.6;явка>=95 и лидер>=90
806;Красноглинский;Елховская;306;301;98.37;Портнягин;96.01;"явка>=95 и лидер>=90; дубль голосов лидера(>=3 УИК)"
807;Красноглинский;Елховская;235;235;100.0;Портнягин;93.19;"явка>=99.5%; явка=точное 100%; явка>=95 и лидер>=90; у оппозиции ровно 1 голос"
808;Красноглинский;Елховская;250;250;100.0;Портнягин;90.4;"явка>=99.5%; явка=точное 100%; явка>=95 и лидер>=90"
812;Красноглинский;Елховская;452;442;97.79;Портнягин;90.27;явка>=95 и лидер>=90
813;Красноглинский;Елховская;66;65;98.48;Портнягин;90.77;явка>=95 и лидер>=90
817;Красноглинский;Елховская;418;408;97.61;Портнягин;90.69;явка>=95 и лидер>=90
818;Красноглинский;Елховская;153;151;98.69;Портнягин;90.07;"явка>=95 и лидер>=90; у оппозиции ровно 1 голос"
819;Красноглинский;Елховская;224;221;98.66;Портнягин;91.4;"явка>=95 и лидер>=90; дубль голосов лидера(>=3 УИК)"
820;Красноглинский;Елховская;297;288;96.97;Портнягин;96.88;явка>=95 и лидер>=90
1005;Красноглинский;Исаклинская;392;360;91.84;Портнягин;80.0;лидер~полка±0.05
1008;Красноглинский;Исаклинская;161;159;98.76;Портнягин;82.39;дубль голосов лидера(>=3 УИК)
1013;Красноглинский;Исаклинская;132;130;98.48;Портнягин;91.54;"явка>=95 и лидер>=90; у оппозиции ровно 1 голос"
1017;Красноглинский;Исаклинская;236;234;99.15;Портнягин;90.17;явка>=95 и лидер>=90
1101;Красноглинский;Камышлинская;188;187;99.47;Портнягин;96.79;явка>=95 и лидер>=90
1102;Красноглинский;Камышлинская;167;161;96.41;Портнягин;88.2;у оппозиции ровно 1 голос
1104;Красноглинский;Камышлинская;370;368;99.46;Портнягин;78.53;дубль голосов лидера(>=3 УИК)
1114;Красноглинский;Камышлинская;98;98;100.0;Портнягин;70.41;"явка>=99.5%; явка=точное 100%"
1402;Красноглинский;Клявлинская;332;319;96.08;Портнягин;92.16;явка>=95 и лидер>=90
1403;Красноглинский;Клявлинская;1305;1261;96.63;Портнягин;97.78;явка>=95 и лидер>=90
1409;Красноглинский;Клявлинская;156;148;94.87;Портнягин;84.46;дубль голосов лидера(>=3 УИК)
1410;Красноглинский;Клявлинская;177;172;97.18;Портнягин;86.05;у оппозиции ровно 1 голос
1411;Красноглинский;Клявлинская;299;284;94.98;Портнягин;91.2;явка~круглое±0.05
1417;Красноглинский;Клявлинская;203;185;91.13;Портнягин;83.24;дубль голосов лидера(>=3 УИК)
1418;Красноглинский;Клявлинская;223;203;91.03;Портнягин;91.13;у оппозиции ровно 1 голос
1419;Красноглинский;Клявлинская;143;131;91.61;Портнягин;91.6;у оппозиции ровно 1 голос
1422;Красноглинский;Клявлинская;125;117;93.6;Портнягин;88.89;у оппозиции ровно 1 голос
1423;Красноглинский;Клявлинская;118;112;94.92;Портнягин;87.5;у оппозиции ровно 1 голос
1502;Красноглинский;Кошкинская;853;845;99.06;Портнягин;90.3;явка>=95 и лидер>=90
1506;Красноглинский;Кошкинская;924;912;98.7;Портнягин;92.98;явка>=95 и лидер>=90
1508;Красноглинский;Кошкинская;182;179;98.35;Портнягин;89.39;дубль голосов лидера(>=3 УИК)
1509;Красноглинский;Кошкинская;533;525;98.5;Портнягин;92.0;явка>=95 и лидер>=90
1511;Красноглинский;Кошкинская;322;320;99.38;Портнягин;92.19;"явка>=95 и лидер>=90; у оппозиции ровно 1 голос"
1512;Красноглинский;Кошкинская;310;306;98.71;Портнягин;92.16;явка>=95 и лидер>=90
1514;Красноглинский;Кошкинская;145;142;97.93;Портнягин;88.03;"дубль голосов лидера(>=3 УИК); у оппозиции ровно 1 голос"
1515;Красноглинский;Кошкинская;193;191;98.96;Портнягин;92.67;"явка>=95 и лидер>=90; дубль голосов лидера(>=3 УИК); у оппозиции ровно 1 голос"
1517;Красноглинский;Кошкинская;196;193;98.47;Портнягин;91.71;"явка>=95 и лидер>=90; дубль голосов лидера(>=3 УИК)"
1519;Красноглинский;Кошкинская;205;202;98.54;Портнягин;92.08;"явка>=95 и лидер>=90; у оппозиции ровно 1 голос"
1520;Красноглинский;Кошкинская;139;137;98.56;Портнягин;93.43;"явка>=95 и лидер>=90; у оппозиции ровно 1 голос"
1521;Красноглинский;Кошкинская;122;120;98.36;Портнягин;93.33;"явка>=95 и лидер>=90; дубль голосов лидера(>=3 УИК); у оппозиции ровно 1 голос"
1522;Красноглинский;Кошкинская;230;229;99.57;Портнягин;88.21;"явка>=99.5%; дубль голосов лидера(>=3 УИК); у оппозиции ровно 1 голос"
1523;Красноглинский;Кошкинская;295;295;100.0;Портнягин;85.08;"явка>=99.5%; явка=точное 100%"
1524;Красноглинский;Кошкинская;353;349;98.87;Портнягин;87.11;дубль голосов лидера(>=3 УИК)
1526;Красноглинский;Кошкинская;447;445;99.55;Портнягин;96.63;"явка>=99.5%; явка>=95 и лидер>=90"
1528;Красноглинский;Кошкинская;188;188;100.0;Портнягин;47.34;"явка>=99.5%; явка=точное 100%"
1529;Красноглинский;Кошкинская;140;140;100.0;Портнягин;50.0;"явка>=99.5%; явка=точное 100%"
1531;Красноглинский;Кошкинская;249;246;98.8;Портнягин;93.09;"явка>=95 и лидер>=90; у оппозиции ровно 1 голос"
1532;Красноглинский;Кошкинская;126;124;98.41;Портнягин;90.32;"явка>=95 и лидер>=90; дубль голосов лидера(>=3 УИК)"
1534;Красноглинский;Кошкинская;158;156;98.73;Портнягин;93.59;"явка>=95 и лидер>=90; дубль голосов лидера(>=3 УИК)"
1535;Красноглинский;Кошкинская;298;294;98.66;Портнягин;92.18;"явка>=95 и лидер>=90; дубль голосов лидера(>=3 УИК); у оппозиции ровно 1 голос"
1703;Красноглинский;Красноярская;400;324;81.0;Портнягин;84.88;явка=точное 81%
1717;Красноглинский;Красноярская;1538;1496;97.27;Портнягин;97.06;явка>=95 и лидер>=90
1718;Красноглинский;Красноярская;1834;1795;97.87;Портнягин;97.94;явка>=95 и лидер>=90
1720;Красноглинский;Красноярская;2004;1991;99.35;Портнягин;97.04;явка>=95 и лидер>=90
1721;Красноглинский;Красноярская;1331;1294;97.22;Портнягин;97.06;явка>=95 и лидер>=90
1722;Красноглинский;Красноярская;501;488;97.41;Портнягин;93.85;явка>=95 и лидер>=90
1723;Красноглинский;Красноярская;380;378;99.47;Портнягин;94.44;"явка>=95 и лидер>=90; у оппозиции ровно 1 голос"
1728;Красноглинский;Красноярская;192;176;91.67;Портнягин;92.05;у оппозиции ровно 1 голос
1741;Красноглинский;Красноярская;432;335;77.55;Портнягин;86.27;дубль голосов лидера(>=3 УИК)
1742;Красноглинский;Красноярская;260;169;65.0;Портнягин;37.87;явка=точное 65%
1745;Красноглинский;Красноярская;239;204;85.36;Портнягин;71.57;дубль голосов лидера(>=3 УИК)
4701;Красноглинский;Похвистневская;1143;1121;98.08;Портнягин;90.01;"лидер~полка±0.05; явка>=95 и лидер>=90"
4702;Красноглинский;Похвистневская;149;148;99.33;Портнягин;98.65;"явка>=95 и лидер>=90; дубль голосов лидера(>=3 УИК)"
4703;Красноглинский;Похвистневская;883;872;98.75;Портнягин;91.51;"явка>=95 и лидер>=90; у оппозиции ровно 1 голос"
4704;Красноглинский;Похвистневская;409;403;98.53;Портнягин;96.53;явка>=95 и лидер>=90
4705;Красноглинский;Похвистневская;245;242;98.78;Портнягин;93.39;явка>=95 и лидер>=90
4709;Красноглинский;Похвистневская;605;593;98.02;Портнягин;88.03;у оппозиции ровно 1 голос
4710;Красноглинский;Похвистневская;101;96;95.05;Портнягин;75.0;явка~круглое±0.05
4711;Красноглинский;Похвистневская;843;800;94.9;Портнягин;85.0;лидер~полка±0.05
4712;Красноглинский;Похвистневская;842;832;98.81;Портнягин;95.43;явка>=95 и лидер>=90
4713;Красноглинский;Похвистневская;411;406;98.78;Портнягин;97.29;явка>=95 и лидер>=90
4714;Красноглинский;Похвистневская;642;635;98.91;Портнягин;97.95;"явка>=95 и лидер>=90; у оппозиции ровно 1 голос"
4715;Красноглинский;Похвистневская;155;151;97.42;Портнягин;98.01;"явка>=95 и лидер>=90; у оппозиции ровно 1 голос"
4717;Красноглинский;Похвистневская;316;306;96.84;Портнягин;88.56;дубль голосов лидера(>=3 УИК)
4718;Красноглинский;Похвистневская;669;648;96.86;Портнягин;98.3;явка>=95 и лидер>=90
4719;Красноглинский;Похвистневская;315;309;98.1;Портнягин;91.59;явка>=95 и лидер>=90
4720;Красноглинский;Похвистневская;1528;1452;95.03;Портнягин;88.84;явка~круглое±0.05
4721;Красноглинский;Похвистневская;169;167;98.82;Портнягин;95.21;"явка>=95 и лидер>=90; у оппозиции ровно 1 голос"
4723;Красноглинский;Похвистневская;440;431;97.95;Портнягин;80.28;дубль голосов лидера(>=3 УИК)
4725;Красноглинский;Похвистневская;1285;1252;97.43;Портнягин;90.18;явка>=95 и лидер>=90
4727;Красноглинский;Похвистневская;337;333;98.81;Портнягин;93.09;явка>=95 и лидер>=90
2312;Красноглинский;Похвистневская городская;556;479;86.15;Портнягин;63.47;дубль голосов лидера(>=3 УИК)
2606;Красноглинский;Самара, Кировская;1957;436;22.28;Портнягин;25.69;дубль голосов лидера(>=3 УИК)
2611;Красноглинский;Самара, Кировская;2477;763;30.8;Портнягин;22.02;дубль голосов лидера(>=3 УИК)
2612;Красноглинский;Самара, Кировская;2098;723;34.46;Портнягин;23.24;дубль голосов лидера(>=3 УИК)
2619;Красноглинский;Самара, Кировская;1652;549;33.23;Портнягин;26.59;дубль голосов лидера(>=3 УИК)
2628;Красноглинский;Самара, Кировская;2200;650;29.55;Портнягин;68.15;дубль голосов лидера(>=3 УИК)
2629;Красноглинский;Самара, Кировская;2006;619;30.86;Портнягин;71.57;дубль голосов лидера(>=3 УИК)
2630;Красноглинский;Самара, Кировская;1657;498;30.05;Портнягин;69.48;дубль голосов лидера(>=3 УИК)
2641;Красноглинский;Самара, Кировская;1788;614;34.34;Портнягин;25.08;дубль голосов лидера(>=3 УИК)
2654;Красноглинский;Самара, Кировская;1448;462;31.91;Портнягин;24.24;дубль голосов лидера(>=3 УИК)
2657;Красноглинский;Самара, Кировская;1771;645;36.42;Портнягин;53.64;дубль голосов лидера(>=3 УИК)
2659;Красноглинский;Самара, Кировская;1545;546;35.34;Портнягин;22.89;дубль голосов лидера(>=3 УИК)
2673;Красноглинский;Самара, Кировская;2093;633;30.24;Портнягин;24.33;дубль голосов лидера(>=3 УИК)
2674;Красноглинский;Самара, Кировская;1898;641;33.77;Портнягин;29.95;дубль голосов лидера(>=3 УИК)
2688;Красноглинский;Самара, Кировская;1724;352;20.42;Портнягин;57.39;дубль голосов лидера(>=3 УИК)
2690;Красноглинский;Самара, Кировская;55;55;100.0;Портнягин;20.0;"явка>=99.5%; явка=точное 100%"
2692;Красноглинский;Самара, Кировская;137;137;100.0;Портнягин;34.31;"явка>=99.5%; явка=точное 100%"
2704;Красноглинский;Самара, Красноглинская;2358;867;36.77;Портнягин;27.91;дубль голосов лидера(>=3 УИК)
2713;Красноглинский;Самара, Красноглинская;1742;717;41.16;Портнягин;28.17;дубль голосов лидера(>=3 УИК)
2714;Красноглинский;Самара, Красноглинская;243;243;100.0;Портнягин;71.6;"явка>=99.5%; явка=точное 100%"
2721;Красноглинский;Самара, Красноглинская;1583;615;38.85;Портнягин;32.2;дубль голосов лидера(>=3 УИК)
2725;Красноглинский;Самара, Красноглинская;1559;608;39.0;Портнягин;27.63;дубль голосов лидера(>=3 УИК)
2728;Красноглинский;Самара, Красноглинская;2456;948;38.6;Портнягин;25.53;дубль голосов лидера(>=3 УИК)
2748;Красноглинский;Самара, Красноглинская;1043;667;63.95;Портнягин;66.42;дубль голосов лидера(>=3 УИК)
3424;Красноглинский;Сергиевская;200;166;83.0;Портнягин;80.12;явка=точное 83%
3425;Красноглинский;Сергиевская;335;270;80.6;Портнягин;80.0;лидер~полка±0.05
3428;Красноглинский;Сергиевская;272;218;80.15;Портнягин;81.19;дубль голосов лидера(>=3 УИК)
3429;Красноглинский;Сергиевская;487;401;82.34;Портнягин;80.05;лидер~полка±0.05
3430;Красноглинский;Сергиевская;252;202;80.16;Портнягин;79.21;"дубль голосов лидера(>=3 УИК); у оппозиции ровно 1 голос"
3431;Красноглинский;Сергиевская;291;239;82.13;Портнягин;80.33;дубль голосов лидера(>=3 УИК)
3432;Красноглинский;Сергиевская;407;334;82.06;Портнягин;81.14;дубль голосов лидера(>=3 УИК)
3433;Красноглинский;Сергиевская;484;384;79.34;Портнягин;79.17;дубль голосов лидера(>=3 УИК)
4301;Красноглинский;Челно-Вершинская;528;509;96.4;Портнягин;89.98;лидер~полка±0.05
4302;Красноглинский;Челно-Вершинская;188;181;96.28;Портнягин;90.06;"явка>=95 и лидер>=90; у оппозиции ровно 1 голос"
4303;Красноглинский;Челно-Вершинская;190;177;93.16;Портнягин;90.4;дубль голосов лидера(>=3 УИК)
4304;Красноглинский;Челно-Вершинская;605;585;96.69;Портнягин;90.43;явка>=95 и лидер>=90
4306;Красноглинский;Челно-Вершинская;58;56;96.55;Портнягин;94.64;явка>=95 и лидер>=90
4307;Красноглинский;Челно-Вершинская;93;90;96.77;Портнягин;90.0;"лидер~полка±0.05; явка>=95 и лидер>=90"
4308;Красноглинский;Челно-Вершинская;226;219;96.9;Портнягин;90.41;"явка>=95 и лидер>=90; дубль голосов лидера(>=3 УИК)"
4309;Красноглинский;Челно-Вершинская;213;205;96.24;Портнягин;92.68;"явка>=95 и лидер>=90; у оппозиции ровно 1 голос"
4310;Красноглинский;Челно-Вершинская;320;310;96.88;Портнягин;93.55;явка>=95 и лидер>=90
4311;Красноглинский;Челно-Вершинская;365;355;97.26;Портнягин;90.99;явка>=95 и лидер>=90
4312;Красноглинский;Челно-Вершинская;182;177;97.25;Портнягин;90.4;"явка>=95 и лидер>=90; дубль голосов лидера(>=3 УИК)"
4313;Красноглинский;Челно-Вершинская;106;102;96.23;Портнягин;90.2;"явка>=95 и лидер>=90; у оппозиции ровно 1 голос"
4314;Красноглинский;Челно-Вершинская;449;432;96.21;Портнягин;90.05;"лидер~полка±0.05; явка>=95 и лидер>=90"
4315;Красноглинский;Челно-Вершинская;197;188;95.43;Портнягин;90.43;явка>=95 и лидер>=90
4316;Красноглинский;Челно-Вершинская;355;344;96.9;Портнягин;90.41;"явка>=95 и лидер>=90; у оппозиции ровно 1 голос"
4317;Красноглинский;Челно-Вершинская;1141;1101;96.49;Портнягин;90.01;"лидер~полка±0.05; явка>=95 и лидер>=90"
4318;Красноглинский;Челно-Вершинская;1379;1324;96.01;Портнягин;90.03;"лидер~полка±0.05; явка>=95 и лидер>=90"
4319;Красноглинский;Челно-Вершинская;763;732;95.94;Портнягин;90.03;"лидер~полка±0.05; явка>=95 и лидер>=90"
4320;Красноглинский;Челно-Вершинская;839;804;95.83;Портнягин;90.05;"лидер~полка±0.05; явка>=95 и лидер>=90"
4322;Красноглинский;Челно-Вершинская;582;559;96.05;Портнягин;90.16;"явка>=95 и лидер>=90; у оппозиции ровно 1 голос"
4323;Красноглинский;Челно-Вершинская;317;302;95.27;Портнягин;90.73;явка>=95 и лидер>=90
4324;Красноглинский;Челно-Вершинская;448;433;96.65;Портнягин;90.07;явка>=95 и лидер>=90
4325;Красноглинский;Челно-Вершинская;280;269;96.07;Портнягин;89.96;"лидер~полка±0.05; дубль голосов лидера(>=3 УИК)"
4326;Красноглинский;Челно-Вершинская;485;472;97.32;Портнягин;90.25;явка>=95 и лидер>=90
4327;Красноглинский;Челно-Вершинская;281;268;95.37;Портнягин;91.04;явка>=95 и лидер>=90
4328;Красноглинский;Челно-Вершинская;152;146;96.05;Портнягин;90.41;"явка>=95 и лидер>=90; у оппозиции ровно 1 голос"
4401;Красноглинский;Шенталинская;162;155;95.68;Портнягин;84.52;дубль голосов лидера(>=3 УИК)
4402;Красноглинский;Шенталинская;224;211;94.2;Портнягин;79.62;дубль голосов лидера(>=3 УИК)
4403;Красноглинский;Шенталинская;166;164;98.8;Портнягин;92.68;явка>=95 и лидер>=90
4404;Красноглинский;Шенталинская;123;121;98.37;Портнягин;86.78;у оппозиции ровно 1 голос
4405;Красноглинский;Шенталинская;103;102;99.03;Портнягин;88.24;у оппозиции ровно 1 голос
4408;Красноглинский;Шенталинская;287;281;97.91;Портнягин;95.02;"лидер~полка±0.05; явка>=95 и лидер>=90"
4410;Красноглинский;Шенталинская;121;118;97.52;Портнягин;87.29;у оппозиции ровно 1 голос
4412;Красноглинский;Шенталинская;212;202;95.28;Портнягин;83.17;дубль голосов лидера(>=3 УИК)
4415;Красноглинский;Шенталинская;252;247;98.02;Портнягин;80.16;дубль голосов лидера(>=3 УИК)
4416;Красноглинский;Шенталинская;119;113;94.96;Портнягин;82.3;явка~круглое±0.05
4417;Красноглинский;Шенталинская;171;163;95.32;Портнягин;80.37;дубль голосов лидера(>=3 УИК)
4419;Красноглинский;Шенталинская;218;214;98.17;Портнягин;89.72;дубль голосов лидера(>=3 УИК)
4421;Красноглинский;Шенталинская;452;432;95.58;Портнягин;80.09;дубль голосов лидера(>=3 УИК)
4422;Красноглинский;Шенталинская;104;100;96.15;Портнягин;80.0;лидер~полка±0.05
4425;Красноглинский;Шенталинская;794;777;97.86;Портнягин;93.18;явка>=95 и лидер>=90
206;Жигулевский;Безенчукская;1101;881;80.02;Трифонов;75.94;явка~круглое±0.05
209;Жигулевский;Безенчукская;1016;864;85.04;Трифонов;77.2;явка~круглое±0.05
218;Жигулевский;Безенчукская;1112;890;80.04;Трифонов;78.09;явка~круглое±0.05
220;Жигулевский;Безенчукская;172;146;84.88;Трифонов;75.34;у оппозиции ровно 1 голос
225;Жигулевский;Безенчукская;537;467;86.96;Трифонов;77.52;дубль голосов лидера(>=3 УИК)
227;Жигулевский;Безенчукская;425;362;85.18;Трифонов;77.62;дубль голосов лидера(>=3 УИК)
228;Жигулевский;Безенчукская;226;192;84.96;Трифонов;62.5;явка~круглое±0.05
229;Жигулевский;Безенчукская;149;143;95.97;Трифонов;80.42;у оппозиции ровно 1 голос
913;Жигулевский;Жигулевская городская;2345;1329;56.67;Трифонов;48.68;дубль голосов лидера(>=3 УИК)
922;Жигулевский;Жигулевская городская;741;511;68.96;Трифонов;80.63;дубль голосов лидера(>=3 УИК)
1605;Жигулевский;Красноармейская;153;153;100.0;Трифонов;80.39;"явка>=99.5%; явка=точное 100%"
1612;Жигулевский;Красноармейская;155;130;83.87;Трифонов;92.31;у оппозиции ровно 1 голос
1619;Жигулевский;Красноармейская;691;609;88.13;Трифонов;71.26;дубль голосов лидера(>=3 УИК)
1630;Жигулевский;Красноармейская;657;571;86.91;Трифонов;73.38;дубль голосов лидера(>=3 УИК)
2004;Жигулевский;Октябрьская городская;1063;607;57.1;Трифонов;46.29;дубль голосов лидера(>=3 УИК)
2006;Жигулевский;Октябрьская городская;1037;996;96.05;Трифонов;93.47;явка>=95 и лидер>=90
2011;Жигулевский;Октябрьская городская;994;689;69.32;Трифонов;56.17;дубль голосов лидера(>=3 УИК)
2014;Жигулевский;Октябрьская городская;903;655;72.54;Трифонов;62.9;дубль голосов лидера(>=3 УИК)
2201;Жигулевский;Пестравская;845;815;96.45;Трифонов;91.41;явка>=95 и лидер>=90
2202;Жигулевский;Пестравская;752;730;97.07;Трифонов;90.14;явка>=95 и лидер>=90
2203;Жигулевский;Пестравская;301;286;95.02;Трифонов;91.26;"явка~круглое±0.05; явка>=95 и лидер>=90"
2204;Жигулевский;Пестравская;259;259;100.0;Трифонов;91.51;"явка>=99.5%; явка=точное 100%; явка>=95 и лидер>=90"
2205;Жигулевский;Пестравская;274;263;95.99;Трифонов;90.49;явка>=95 и лидер>=90
2206;Жигулевский;Пестравская;311;298;95.82;Трифонов;90.6;"явка>=95 и лидер>=90; дубль голосов лидера(>=3 УИК); у оппозиции ровно 1 голос"
2207;Жигулевский;Пестравская;655;639;97.56;Трифонов;90.3;явка>=95 и лидер>=90
2208;Жигулевский;Пестравская;513;492;95.91;Трифонов;95.12;явка>=95 и лидер>=90
2209;Жигулевский;Пестравская;250;246;98.4;Трифонов;95.53;явка>=95 и лидер>=90
2210;Жигулевский;Пестравская;118;114;96.61;Трифонов;90.35;явка>=95 и лидер>=90
2211;Жигулевский;Пестравская;553;543;98.19;Трифонов;95.03;"лидер~полка±0.05; явка>=95 и лидер>=90"
2213;Жигулевский;Пестравская;654;627;95.87;Трифонов;91.71;явка>=95 и лидер>=90
2214;Жигулевский;Пестравская;313;302;96.49;Трифонов;95.7;явка>=95 и лидер>=90
2215;Жигулевский;Пестравская;285;280;98.25;Трифонов;93.93;явка>=95 и лидер>=90
2216;Жигулевский;Пестравская;352;338;96.02;Трифонов;90.24;явка>=95 и лидер>=90
2217;Жигулевский;Пестравская;620;601;96.94;Трифонов;91.01;явка>=95 и лидер>=90
2218;Жигулевский;Пестравская;449;432;96.21;Трифонов;90.05;"лидер~полка±0.05; явка>=95 и лидер>=90"
2219;Жигулевский;Пестравская;535;520;97.2;Трифонов;92.12;явка>=95 и лидер>=90
2220;Жигулевский;Пестравская;793;761;95.96;Трифонов;95.14;явка>=95 и лидер>=90
2221;Жигулевский;Пестравская;966;920;95.24;Трифонов;94.13;явка>=95 и лидер>=90
2222;Жигулевский;Пестравская;841;804;95.6;Трифонов;90.3;явка>=95 и лидер>=90
2223;Жигулевский;Пестравская;256;245;95.7;Трифонов;90.2;явка>=95 и лидер>=90
2224;Жигулевский;Пестравская;373;361;96.78;Трифонов;90.03;"лидер~полка±0.05; явка>=95 и лидер>=90"
2401;Жигулевский;Приволжская;110;106;96.36;Трифонов;96.23;"явка>=95 и лидер>=90; у оппозиции ровно 1 голос"
2402;Жигулевский;Приволжская;1012;975;96.34;Трифонов;94.05;явка>=95 и лидер>=90
2403;Жигулевский;Приволжская;1572;1545;98.28;Трифонов;94.05;явка>=95 и лидер>=90
2404;Жигулевский;Приволжская;648;628;96.91;Трифонов;94.11;явка>=95 и лидер>=90
2405;Жигулевский;Приволжская;138;136;98.55;Трифонов;94.85;"явка>=95 и лидер>=90; у оппозиции ровно 1 голос"
2406;Жигулевский;Приволжская;114;112;98.25;Трифонов;94.64;"явка>=95 и лидер>=90; у оппозиции ровно 1 голос"
2407;Жигулевский;Приволжская;117;115;98.29;Трифонов;96.52;"явка>=95 и лидер>=90; у оппозиции ровно 1 голос"
2408;Жигулевский;Приволжская;66;65;98.48;Трифонов;95.38;явка>=95 и лидер>=90
2409;Жигулевский;Приволжская;350;329;94.0;Трифонов;94.83;"явка=точное 94%; у оппозиции ровно 1 голос"
2410;Жигулевский;Приволжская;872;846;97.02;Трифонов;93.97;явка>=95 и лидер>=90
2411;Жигулевский;Приволжская;441;427;96.83;Трифонов;93.91;явка>=95 и лидер>=90
2412;Жигулевский;Приволжская;407;398;97.79;Трифонов;94.97;"лидер~полка±0.05; явка>=95 и лидер>=90; у оппозиции ровно 1 голос"
2413;Жигулевский;Приволжская;503;487;96.82;Трифонов;94.25;явка>=95 и лидер>=90
2414;Жигулевский;Приволжская;905;886;97.9;Трифонов;95.03;"лидер~полка±0.05; явка>=95 и лидер>=90"
2415;Жигулевский;Приволжская;263;257;97.72;Трифонов;94.94;явка>=95 и лидер>=90
2416;Жигулевский;Приволжская;918;901;98.15;Трифонов;94.45;явка>=95 и лидер>=90
2417;Жигулевский;Приволжская;254;249;98.03;Трифонов;95.18;явка>=95 и лидер>=90
2418;Жигулевский;Приволжская;56;55;98.21;Трифонов;94.55;явка>=95 и лидер>=90
2419;Жигулевский;Приволжская;1877;1797;95.74;Трифонов;94.99;"лидер~полка±0.05; явка>=95 и лидер>=90"
2420;Жигулевский;Приволжская;597;570;95.48;Трифонов;91.05;явка>=95 и лидер>=90
2421;Жигулевский;Приволжская;1670;1603;95.99;Трифонов;92.89;явка>=95 и лидер>=90
2422;Жигулевский;Приволжская;467;457;97.86;Трифонов;95.19;"явка>=95 и лидер>=90; у оппозиции ровно 1 голос"
2423;Жигулевский;Приволжская;483;474;98.14;Трифонов;94.09;явка>=95 и лидер>=90
2424;Жигулевский;Приволжская;215;205;95.35;Трифонов;94.15;явка>=95 и лидер>=90
2425;Жигулевский;Приволжская;121;116;95.87;Трифонов;94.83;"явка>=95 и лидер>=90; у оппозиции ровно 1 голос"
2426;Жигулевский;Приволжская;107;101;94.39;Трифонов;100.0;"лидер=100%; лидер=явившиеся, недейств.=0"
2427;Жигулевский;Приволжская;463;451;97.41;Трифонов;92.68;"явка>=95 и лидер>=90; у оппозиции ровно 1 голос"
2428;Жигулевский;Приволжская;63;62;98.41;Трифонов;95.16;явка>=95 и лидер>=90
2429;Жигулевский;Приволжская;230;225;97.83;Трифонов;93.78;явка>=95 и лидер>=90
3501;Жигулевский;Ставропольская-162;1328;704;53.01;Трифонов;36.36;дубль голосов лидера(>=3 УИК)
3605;Жигулевский;Сызранская;221;210;95.02;Трифонов;86.19;"явка~круглое±0.05; у оппозиции ровно 1 голос"
3608;Жигулевский;Сызранская;651;490;75.27;Трифонов;52.24;дубль голосов лидера(>=3 УИК)
3611;Жигулевский;Сызранская;382;363;95.03;Трифонов;76.86;явка~круглое±0.05
3621;Жигулевский;Сызранская;347;318;91.64;Трифонов;72.96;дубль голосов лидера(>=3 УИК)
3622;Жигулевский;Сызранская;647;582;89.95;Трифонов;83.16;явка~круглое±0.05
3625;Жигулевский;Сызранская;245;244;99.59;Трифонов;77.05;явка>=99.5%
3626;Жигулевский;Сызранская;840;808;96.19;Трифонов;76.49;дубль голосов лидера(>=3 УИК)
3627;Жигулевский;Сызранская;551;506;91.83;Трифонов;82.81;дубль голосов лидера(>=3 УИК)
3720;Жигулевский;Сызранская городская;1728;1210;70.02;Трифонов;63.39;явка~круглое±0.05
3725;Жигулевский;Сызранская городская;1929;1012;52.46;Трифонов;42.89;дубль голосов лидера(>=3 УИК)
3744;Жигулевский;Сызранская городская;1364;823;60.34;Трифонов;52.73;дубль голосов лидера(>=3 УИК)
3748;Жигулевский;Сызранская городская;1649;1070;64.89;Трифонов;57.76;дубль голосов лидера(>=3 УИК)
3753;Жигулевский;Сызранская городская;1092;640;58.61;Трифонов;60.47;дубль голосов лидера(>=3 УИК)
3760;Жигулевский;Сызранская городская;246;246;100.0;Трифонов;86.18;"явка>=99.5%; явка=точное 100%; у оппозиции ровно 1 голос"
3761;Жигулевский;Сызранская городская;32;32;100.0;Трифонов;100.0;"явка>=99.5%; явка=точное 100%; лидер=100%; явка>=95 и лидер>=90"
3781;Жигулевский;Сызранская городская;396;396;100.0;Трифонов;97.73;"явка>=99.5%; явка=точное 100%; явка>=95 и лидер>=90; дубль голосов лидера(>=3 УИК); у оппозиции ровно 1 голос"
3784;Жигулевский;Сызранская городская;1;1;100.0;Трифонов;100.0;"явка>=99.5%; явка=точное 100%; лидер=100%; явка>=95 и лидер>=90"
3903;Жигулевский;Тольятти, Комсомольская;2814;1333;47.37;Трифонов;27.16;дубль голосов лидера(>=3 УИК)
3907;Жигулевский;Тольятти, Комсомольская;2147;983;45.78;Трифонов;21.87;дубль голосов лидера(>=3 УИК)
3908;Жигулевский;Тольятти, Комсомольская;2109;951;45.09;Трифонов;28.39;дубль голосов лидера(>=3 УИК)
3909;Жигулевский;Тольятти, Комсомольская;1737;730;42.03;Трифонов;29.45;дубль голосов лидера(>=3 УИК)
3912;Жигулевский;Тольятти, Комсомольская;2071;907;43.8;Трифонов;28.22;дубль голосов лидера(>=3 УИК)
3916;Жигулевский;Тольятти, Комсомольская;2703;1210;44.77;Трифонов;29.92;дубль голосов лидера(>=3 УИК)
3919;Жигулевский;Тольятти, Комсомольская;1953;903;46.24;Трифонов;28.35;дубль голосов лидера(>=3 УИК)
3927;Жигулевский;Тольятти, Комсомольская;1830;756;41.31;Трифонов;28.44;дубль голосов лидера(>=3 УИК)
3932;Жигулевский;Тольятти, Комсомольская;1949;856;43.92;Трифонов;27.1;дубль голосов лидера(>=3 УИК)
3940;Жигулевский;Тольятти, Комсомольская;1917;1012;52.79;Трифонов;27.77;дубль голосов лидера(>=3 УИК)
4101;Жигулевский;Хворостянская;439;425;96.81;Трифонов;96.71;явка>=95 и лидер>=90
4102;Жигулевский;Хворостянская;577;563;97.57;Трифонов;94.67;явка>=95 и лидер>=90
4103;Жигулевский;Хворостянская;232;230;99.14;Трифонов;97.83;"явка>=95 и лидер>=90; у оппозиции ровно 1 голос"
4104;Жигулевский;Хворостянская;794;778;97.98;Трифонов;91.9;явка>=95 и лидер>=90
4105;Жигулевский;Хворостянская;151;148;98.01;Трифонов;91.22;явка>=95 и лидер>=90
4106;Жигулевский;Хворостянская;84;83;98.81;Трифонов;96.39;явка>=95 и лидер>=90
4107;Жигулевский;Хворостянская;434;426;98.16;Трифонов;95.07;"явка>=95 и лидер>=90; у оппозиции ровно 1 голос"
4108;Жигулевский;Хворостянская;211;209;99.05;Трифонов;98.09;"явка>=95 и лидер>=90; у оппозиции ровно 1 голос"
4109;Жигулевский;Хворостянская;288;283;98.26;Трифонов;95.41;"явка>=95 и лидер>=90; дубль голосов лидера(>=3 УИК); у оппозиции ровно 1 голос"
4110;Жигулевский;Хворостянская;303;297;98.02;Трифонов;92.26;явка>=95 и лидер>=90
4111;Жигулевский;Хворостянская;636;617;97.01;Трифонов;91.25;явка>=95 и лидер>=90
4112;Жигулевский;Хворостянская;651;635;97.54;Трифонов;93.07;явка>=95 и лидер>=90
4113;Жигулевский;Хворостянская;138;136;98.55;Трифонов;95.59;явка>=95 и лидер>=90
4114;Жигулевский;Хворостянская;357;351;98.32;Трифонов;95.16;явка>=95 и лидер>=90
4115;Жигулевский;Хворостянская;104;102;98.08;Трифонов;97.06;явка>=95 и лидер>=90
4117;Жигулевский;Хворостянская;71;70;98.59;Трифонов;94.29;явка>=95 и лидер>=90
4118;Жигулевский;Хворостянская;469;460;98.08;Трифонов;93.26;явка>=95 и лидер>=90
4119;Жигулевский;Хворостянская;183;180;98.36;Трифонов;96.11;"явка>=95 и лидер>=90; у оппозиции ровно 1 голос"
4120;Жигулевский;Хворостянская;1355;1318;97.27;Трифонов;95.07;явка>=95 и лидер>=90
4121;Жигулевский;Хворостянская;1003;979;97.61;Трифонов;96.12;явка>=95 и лидер>=90
4122;Жигулевский;Хворостянская;1137;1125;98.94;Трифонов;94.93;явка>=95 и лидер>=90
4202;Жигулевский;Чапаевская городская;2335;1024;43.85;Трифонов;60.35;дубль голосов лидера(>=3 УИК)
4213;Жигулевский;Чапаевская городская;1395;803;57.56;Трифонов;52.18;дубль голосов лидера(>=3 УИК)
4215;Жигулевский;Чапаевская городская;1300;1027;79.0;Трифонов;65.53;явка=точное 79%
4217;Жигулевский;Чапаевская городская;1055;906;85.88;Трифонов;71.41;дубль голосов лидера(>=3 УИК)
4226;Жигулевский;Чапаевская городская;1096;877;80.02;Трифонов;63.06;явка~круглое±0.05
4229;Жигулевский;Чапаевская городская;2428;1191;49.05;Трифонов;51.89;дубль голосов лидера(>=3 УИК)
4231;Жигулевский;Чапаевская городская;2496;1320;52.88;Трифонов;49.02;дубль голосов лидера(>=3 УИК)
4504;Жигулевский;Шигонская;428;364;85.05;Трифонов;70.05;явка~круглое±0.05
4513;Жигулевский;Шигонская;199;195;97.99;Трифонов;91.28;явка>=95 и лидер>=90
4518;Жигулевский;Шигонская;349;323;92.55;Трифонов;71.83;дубль голосов лидера(>=3 УИК)
4522;Жигулевский;Шигонская;585;521;89.06;Трифонов;79.08;дубль голосов лидера(>=3 УИК)
310;Промышленный;Богатовская;569;525;92.27;Живайкин;60.76;дубль голосов лидера(>=3 УИК)
312;Промышленный;Богатовская;671;604;90.01;Живайкин;45.53;явка~круглое±0.05
601;Промышленный;Борская;298;247;82.89;Живайкин;69.23;"дубль голосов лидера(>=3 УИК); у оппозиции ровно 1 голос"
605;Промышленный;Борская;1294;1294;100.0;Живайкин;59.58;"явка>=99.5%; явка=точное 100%"
608;Промышленный;Борская;609;586;96.22;Живайкин;93.69;"явка>=95 и лидер>=90; у оппозиции ровно 1 голос"
611;Промышленный;Борская;283;279;98.59;Живайкин;90.68;"явка>=95 и лидер>=90; дубль голосов лидера(>=3 УИК); у оппозиции ровно 1 голос"
617;Промышленный;Борская;815;801;98.28;Живайкин;97.25;"явка>=95 и лидер>=90; у оппозиции ровно 1 голос"
618;Промышленный;Борская;749;738;98.53;Живайкин;95.39;явка>=95 и лидер>=90
619;Промышленный;Борская;1335;1332;99.78;Живайкин;65.09;явка>=99.5%
624;Промышленный;Борская;566;555;98.06;Живайкин;95.86;явка>=95 и лидер>=90
627;Промышленный;Борская;574;572;99.65;Живайкин;78.15;явка>=99.5%
630;Промышленный;Борская;368;359;97.55;Живайкин;87.47;у оппозиции ровно 1 голос
632;Промышленный;Борская;270;268;99.26;Живайкин;90.67;"явка>=95 и лидер>=90; у оппозиции ровно 1 голос"
723;Промышленный;Волжская-163;1114;570;51.17;Живайкин;26.84;дубль голосов лидера(>=3 УИК)
1310;Промышленный;Кинель-Черкасская;360;291;80.83;Живайкин;47.77;дубль голосов лидера(>=3 УИК)
1319;Промышленный;Кинель-Черкасская;661;461;69.74;Живайкин;38.39;дубль голосов лидера(>=3 УИК)
1330;Промышленный;Кинель-Черкасская;396;283;71.46;Живайкин;49.12;дубль голосов лидера(>=3 УИК)
1332;Промышленный;Кинель-Черкасская;948;620;65.4;Живайкин;40.81;дубль голосов лидера(>=3 УИК)
4603;Промышленный;Кинельская;424;294;69.34;Живайкин;67.01;дубль голосов лидера(>=3 УИК)
4605;Промышленный;Кинельская;329;274;83.28;Живайкин;65.69;дубль голосов лидера(>=3 УИК)
4609;Промышленный;Кинельская;246;220;89.43;Живайкин;83.64;дубль голосов лидера(>=3 УИК)
4612;Промышленный;Кинельская;286;255;89.16;Живайкин;68.63;дубль голосов лидера(>=3 УИК)
4616;Промышленный;Кинельская;97;90;92.78;Живайкин;90.0;лидер~полка±0.05
4623;Промышленный;Кинельская;387;318;82.17;Живайкин;83.65;у оппозиции ровно 1 голос
1201;Промышленный;Кинельская городская;1342;685;51.04;Живайкин;46.57;дубль голосов лидера(>=3 УИК)
1204;Промышленный;Кинельская городская;883;397;44.96;Живайкин;44.08;дубль голосов лидера(>=3 УИК)
1205;Промышленный;Кинельская городская;982;467;47.56;Живайкин;54.18;дубль голосов лидера(>=3 УИК)
1206;Промышленный;Кинельская городская;694;346;49.86;Живайкин;51.45;дубль голосов лидера(>=3 УИК)
1207;Промышленный;Кинельская городская;832;323;38.82;Живайкин;35.91;дубль голосов лидера(>=3 УИК)
1215;Промышленный;Кинельская городская;866;417;48.15;Живайкин;41.25;дубль голосов лидера(>=3 УИК)
1216;Промышленный;Кинельская городская;755;363;48.08;Живайкин;43.53;дубль голосов лидера(>=3 УИК)
1217;Промышленный;Кинельская городская;1439;691;48.02;Живайкин;36.18;дубль голосов лидера(>=3 УИК)
1224;Промышленный;Кинельская городская;1971;1008;51.14;Живайкин;28.97;дубль голосов лидера(>=3 УИК)
1225;Промышленный;Кинельская городская;1679;979;58.31;Живайкин;25.54;дубль голосов лидера(>=3 УИК)
5003;Промышленный;Самара, Промышленная;2518;538;21.37;Живайкин;30.86;дубль голосов лидера(>=3 УИК)
5011;Промышленный;Самара, Промышленная;2125;698;32.85;Живайкин;24.64;дубль голосов лидера(>=3 УИК)
5013;Промышленный;Самара, Промышленная;2555;866;33.89;Живайкин;20.44;дубль голосов лидера(>=3 УИК)
5014;Промышленный;Самара, Промышленная;2293;761;33.19;Живайкин;28.52;дубль голосов лидера(>=3 УИК)
5024;Промышленный;Самара, Промышленная;2256;669;29.65;Живайкин;22.87;дубль голосов лидера(>=3 УИК)
5026;Промышленный;Самара, Промышленная;1595;476;29.84;Живайкин;24.37;дубль голосов лидера(>=3 УИК)
5027;Промышленный;Самара, Промышленная;2507;767;30.59;Живайкин;23.6;дубль голосов лидера(>=3 УИК)
5034;Промышленный;Самара, Промышленная;1989;698;35.09;Живайкин;25.79;дубль голосов лидера(>=3 УИК)
5035;Промышленный;Самара, Промышленная;1674;645;38.53;Живайкин;26.51;дубль голосов лидера(>=3 УИК)
5044;Промышленный;Самара, Промышленная;1907;733;38.44;Живайкин;24.97;дубль голосов лидера(>=3 УИК)
5045;Промышленный;Самара, Промышленная;1644;618;37.59;Живайкин;24.76;дубль голосов лидера(>=3 УИК)
5046;Промышленный;Самара, Промышленная;2091;768;36.73;Живайкин;22.79;дубль голосов лидера(>=3 УИК)
5047;Промышленный;Самара, Промышленная;1660;611;36.81;Живайкин;25.86;дубль голосов лидера(>=3 УИК)
5048;Промышленный;Самара, Промышленная;1797;663;36.89;Живайкин;25.04;дубль голосов лидера(>=3 УИК)
5052;Промышленный;Самара, Промышленная;1840;796;43.26;Живайкин;22.61;дубль голосов лидера(>=3 УИК)
5053;Промышленный;Самара, Промышленная;2099;807;38.45;Живайкин;22.68;дубль голосов лидера(>=3 УИК)
5054;Промышленный;Самара, Промышленная;1827;713;39.03;Живайкин;22.16;дубль голосов лидера(>=3 УИК)
5055;Промышленный;Самара, Промышленная;1803;739;40.99;Живайкин;26.66;дубль голосов лидера(>=3 УИК)
5058;Промышленный;Самара, Промышленная;1945;805;41.39;Живайкин;22.86;дубль голосов лидера(>=3 УИК)
5061;Промышленный;Самара, Промышленная;2118;867;40.93;Живайкин;20.53;дубль голосов лидера(>=3 УИК)
5063;Промышленный;Самара, Промышленная;1964;710;36.15;Живайкин;25.49;дубль голосов лидера(>=3 УИК)
5065;Промышленный;Самара, Промышленная;1912;793;41.47;Живайкин;23.08;дубль голосов лидера(>=3 УИК)
5069;Промышленный;Самара, Промышленная;1638;643;39.26;Живайкин;30.17;дубль голосов лидера(>=3 УИК)
5073;Промышленный;Самара, Промышленная;1915;701;36.61;Живайкин;41.65;дубль голосов лидера(>=3 УИК)
5080;Промышленный;Самара, Промышленная;1751;657;37.52;Живайкин;38.05;дубль голосов лидера(>=3 УИК)
5081;Промышленный;Самара, Промышленная;1672;619;37.02;Живайкин;35.06;дубль голосов лидера(>=3 УИК)
5089;Промышленный;Самара, Промышленная;2110;796;37.73;Живайкин;23.12;дубль голосов лидера(>=3 УИК)
5091;Промышленный;Самара, Промышленная;2125;799;37.6;Живайкин;24.28;дубль голосов лидера(>=3 УИК)
5094;Промышленный;Самара, Промышленная;2370;891;37.59;Живайкин;19.64;дубль голосов лидера(>=3 УИК)
5097;Промышленный;Самара, Промышленная;3018;1044;34.59;Живайкин;16.48;дубль голосов лидера(>=3 УИК)
3304;Промышленный;Самара, Советская;2514;778;30.95;Живайкин;22.88;дубль голосов лидера(>=3 УИК)
3320;Промышленный;Самара, Советская;1494;592;39.63;Живайкин;49.32;дубль голосов лидера(>=3 УИК)
3321;Промышленный;Самара, Советская;1698;638;37.57;Живайкин;50.0;дубль голосов лидера(>=3 УИК)
3325;Промышленный;Самара, Советская;2313;940;40.64;Живайкин;31.06;дубль голосов лидера(>=3 УИК)
3330;Промышленный;Самара, Советская;1538;560;36.41;Живайкин;20.71;дубль голосов лидера(>=3 УИК)
3332;Промышленный;Самара, Советская;2151;717;33.33;Живайкин;23.85;дубль голосов лидера(>=3 УИК)
3338;Промышленный;Самара, Советская;1235;247;20.0;Живайкин;29.15;явка=точное 20%
3348;Промышленный;Самара, Советская;1764;494;28.0;Живайкин;39.27;дубль голосов лидера(>=3 УИК)
3351;Промышленный;Самара, Советская;2248;749;33.32;Живайкин;22.16;дубль голосов лидера(>=3 УИК)
3355;Промышленный;Самара, Советская;1746;647;37.06;Живайкин;29.98;дубль голосов лидера(>=3 УИК)
3356;Промышленный;Самара, Советская;2428;788;32.45;Живайкин;22.46;дубль голосов лидера(>=3 УИК)
3357;Промышленный;Самара, Советская;1407;530;37.67;Живайкин;26.23;дубль голосов лидера(>=3 УИК)
3359;Промышленный;Самара, Советская;2167;911;42.04;Живайкин;23.82;дубль голосов лидера(>=3 УИК)
3360;Промышленный;Самара, Советская;2396;872;36.39;Живайкин;20.76;дубль голосов лидера(>=3 УИК)
3361;Промышленный;Самара, Советская;1312;472;35.98;Живайкин;41.74;дубль голосов лидера(>=3 УИК)
3364;Промышленный;Самара, Советская;14;14;100.0;Живайкин;92.86;"явка>=99.5%; явка=точное 100%; лидер>=90 при медиане ТИК<60; явка>=95 и лидер>=90"
3365;Промышленный;Самара, Советская;31;31;100.0;Живайкин;93.55;"явка>=99.5%; явка=точное 100%; лидер>=90 при медиане ТИК<60; явка>=95 и лидер>=90"
